<autodl><filters><filter><name>TEST</name><enabled>false</enabled><match-sites>ipt</match-sites><min-size>1MB</min-size><max-size>5GB</max-size><shows>*</shows><upload-method><override-global>true</override-global><watch-dir>E:\robert022\Documents\Torrents</watch-dir></upload-method></filter></filters><options><lastShownVersion>2.03</lastShownVersion><updateCheck>0</updateCheck><tempdir></tempdir><userAgent>autodl-cz</userAgent><maxSavedReleases>2000</maxSavedReleases><saveDownloadHistory>true</saveDownloadHistory><downloadDupeReleases>false</downloadDupeReleases><maxDownloadRetryTimeSeconds>300</maxDownloadRetryTimeSeconds><level>3</level><debug>false</debug><trackersVersion>254</trackersVersion><upload-method><watch-dir>E:\robert022\Documents\Torrents</watch-dir></upload-method><script-exec-options><uploaded><script-name></script-name><seconds>0</seconds></uploaded><downloaded><script-name></script-name><use-ratio>false</use-ratio><ratio>1.05</ratio><use-seeding-time>false</use-seeding-time><seeding-time-hours>24.1</seeding-time-hours><is-and>false</is-and></downloaded></script-exec-options><pathToUnrar>C:\Program Files\WinRAR\UnRAR.exe</pathToUnrar><pathToUtorrent>C:\Program Files (x86)\uTorrent\uTorrent.exe</pathToUtorrent><webui><user></user><password></password><hostname></hostname><port>1</port><ssl>true</ssl></webui><ftp><user></user><password></password><hostname></hostname><port>21</port></ftp><trackers><tracker type="32P" lastAnnounce="1466803044749"/><tracker type="acehd" lastAnnounce="1467113479724"/><tracker type="ace" lastAnnounce="1467113479729"/><tracker type="al" lastAnnounce="1467113479732"/><tracker type="ar" lastAnnounce="1467113479736"/><tracker type="ab" lastAnnounce="1467113479743"/><tracker type="ahd" lastAnnounce="1467113479747"/><tracker type="bb" lastAnnounce="1467113479753"/><tracker type="bithdtv" lastAnnounce="1467113479757"/><tracker type="bhu" lastAnnounce="1467113479762"/><tracker type="bl" lastAnnounce="1467113479765"/><tracker type="bmtv" lastAnnounce="1467113479767"/><tracker type="bcg" lastAnnounce="1467113479770"/><tracker type="bs" lastAnnounce="1467113479773"/><tracker type="btn" lastAnnounce="1467113479779"/><tracker type="ct" lastAnnounce="1467113479782"/><tracker type="CB" lastAnnounce="1467113479784"/><tracker type="db" lastAnnounce="1467113479788"/><tracker type="decibelios" lastAnnounce="1467113479792"/><tracker type="db9" lastAnnounce="1467113479796"/><tracker type="deli.sh" lastAnnounce="1467113479799"/><tracker type="dh" lastAnnounce="1467113479802"/><tracker type="emp" lastAnnounce="1467113479805"/><tracker type="fano" lastAnnounce="1467113479808"/><tracker type="flr" lastAnnounce="1467113479810"/><tracker type="fsc" lastAnnounce="1467113479813"/><tracker type="ff" lastAnnounce="1467113479816"/><tracker type="gg" lastAnnounce="1467113479818"/><tracker type="gft" lastAnnounce="1467113479821"/><tracker type="gks" lastAnnounce="1467113479824"/><tracker type="hdbr" lastAnnounce="1467113479826"/><tracker type="hdts" lastAnnounce="1467113479829"/><tracker type="hdl" lastAnnounce="1467113479831"/><tracker type="hdc" lastAnnounce="1467113479834"/><tracker type="hdme" lastAnnounce="1467113479837"/><tracker type="hb" lastAnnounce="1467113479840"/><tracker type="hd" lastAnnounce="1467113479842"/><tracker type="is" lastAnnounce="1467113479845"/><tracker type="inperil" lastAnnounce="1467113479847"/><tracker type="ipt" lastAnnounce="1467113479850"/><tracker type="kg" lastAnnounce="1467113479853"/><tracker type="mactorrents" lastAnnounce="1467113479855"/><tracker type="morethan.tv" lastAnnounce="1467113479858"/><tracker type="mu" lastAnnounce="1467113479862"/><tracker type="mam" lastAnnounce="1467113479864"/><tracker type="nc" lastAnnounce="1467113479867"/><tracker type="norbits" lastAnnounce="1467113479870"/><tracker type="ptp" lastAnnounce="1467113479874"/><tracker type="ps" lastAnnounce="1467113479876"/><tracker type="phd" lastAnnounce="1467113479879"/><tracker type="polsou" lastAnnounce="1467113479881"/><tracker type="pt" lastAnnounce="1467113479884"/><tracker type="ptm" lastAnnounce="1467113479887"/><tracker type="psyt" lastAnnounce="1467113479890"/><tracker type="ptf" lastAnnounce="1467113479893"/><tracker type="ptn" lastAnnounce="1467113479896"/><tracker type="pussy" lastAnnounce="1467113479898"/><tracker type="RM" lastAnnounce="1467113479901"/><tracker type="rtt" lastAnnounce="1467113479904"/><tracker type="scc" lastAnnounce="1467113479907"/><tracker type="sfz" lastAnnounce="1467113479909"/><tracker type="schd" lastAnnounce="1467113479912"/><tracker type="scihd" lastAnnounce="1467113479914"/><tracker type="sdb" lastAnnounce="1467113479916"/><tracker type="st" lastAnnounce="1467113479920"/><tracker type="stp" lastAnnounce="1467113479923"/><tracker type="tbn" lastAnnounce="1467113479926"/><tracker type="teh" lastAnnounce="1467113479929"/><tracker type="tc" lastAnnounce="1467113479932"/><tracker type="tdc" lastAnnounce="1467113479934"/><tracker type="tsh" lastAnnounce="1467113479938"/><tracker type="tby" lastAnnounce="1467113479940"/><tracker type="td" lastAnnounce="1467113479943"/><tracker type="ttech" lastAnnounce="1467113479946"/><tracker type="tg" lastAnnounce="1467113479948"/><tracker type="tl" lastAnnounce="1467113479951"/><tracker type="tv" lastAnnounce="1467113479954"/><tracker type="tt" lastAnnounce="1467113479957"/><tracker type="tti" lastAnnounce="1467113479959"/><tracker type="ttn" lastAnnounce="1467113479962"/><tracker type="ttx" lastAnnounce="1467113479966"/><tracker type="tvt.ro" lastAnnounce="1467113479968"/><tracker type="ukn" lastAnnounce="1467113479971"/><tracker type="waffles" lastAnnounce="1467113479975"/><tracker type="what" lastAnnounce="1467113479979"/><tracker type="x264" lastAnnounce="1467113479982"/><tracker type="xs" lastAnnounce="1467113479985"/></trackers></options><scripts/><downloadScriptQueue/></autodl>